{
    "sideNavMenu": [
        {
            "key":"dashboard",
            "displayName": "Dashboard",
            "subHeader":true,
            "displayOrder": 1,
            "isDisplay": true,
            "url": "",
            "icon":""
        },
        {
            "key":"mainDashboard",
            "displayName": "Main Dashboard",
            "subHeader":false,
            "displayOrder": 2,
            "isDisplay": true,
            "url": "./",
            "icon":""
        },
        {
            "key":"taskManagement",
            "displayName": "Task Management", 
            "subHeader":true,
            "displayOrder": 3,
            "isDisplay": true,
            "url": "/taskdashboard",
            "icon":""
        },

        {
            "key":"taskDashboard",
            "displayName": "Task Dashboard",
            "subHeader":false,
            "displayOrder": 4,
            "isDisplay": true,
            "url": "/taskdashboard",
            "icon":""
        },
        {
            "key":"activeTask",
            "displayName": "Active Task",
            "subHeader":false,
            "displayOrder": 5,
            "isDisplay": true,
            "url": "/activetask",
            "icon":""
        },
        {
            "key":"inactiveTask",
            "displayName": "Inactive Task",
            "subHeader":false,
            "displayOrder": 6,
            "isDisplay": "true",
            "url": "/inactivetask",
            "icon":""
        },
        {
            "key":"empManagement",
            "displayName": "Employee Management", 
            "subHeader":true,
            "displayOrder": 7,
            "isDisplay": true,
            "url": "",
            "icon":""
        },
        {
            "key":"empDashboard",
            "displayName": "Employee Dashboard", 
            "subHeader":false,
            "displayOrder": 8,
            "isDisplay": true,
            "url": "/empDashboard",
            "icon":""
        },
        {
            "key":"empProfile",
            "displayName": "Employee Profile", 
            "subHeader":false,
            "displayOrder": 9,
            "isDisplay": true,
            "url": "/empProfile",
            "icon":""
        },
        {
            "key":"taskAssignment",
            "displayName": "Task Assignment", 
            "subHeader":false,
            "displayOrder": 10,
            "isDisplay": true,
            "url": "/taskAssignment",
            "icon":""
        },
        {
            "key":"attendance",
            "displayName": "Attendance", 
            "subHeader":false,
            "displayOrder": 11,
            "isDisplay": true,
            "url": "/attendance",
            "icon":""
        },
        {
            "key":"empPerformaneReport",
            "displayName": "Employee  Performane Report", 
            "subHeader":false,
            "displayOrder": 12,
            "isDisplay": true,
            "url": "/attendance",
            "icon":""
        },
        {
            "key":"customerManagement",
            "displayName": "Customer Management", 
            "subHeader":true,
            "displayOrder": 12,
            "isDisplay": true,
            "url": "",
            "icon":""
        },
        {
            "key":"customerDashboard",
            "displayName": "Customer Dashboard", 
            "subHeader":false,
            "displayOrder": 13,
            "isDisplay": true,
            "url": "./customerDashboard",
            "icon":""
        },
        {
            "key":"customerProfile",
            "displayName": "Customer Profile", 
            "subHeader":false,
            "displayOrder": 14,
            "isDisplay": true,
            "url": "./customerProfile",
            "icon":""
        },
        {
            "key":"customerHistory",
            "displayName": "Customer History", 
            "subHeader":false,
            "displayOrder": 15,
            "isDisplay": true,
            "url": "./customerHistory",
            "icon":""
        },
        {
            "key":"customerLocation",
            "displayName": "Customer Location(Map view)", 
            "subHeader":false,
            "displayOrder": 16,
            "isDisplay": true,
            "url": "./customerLocation",
            "icon":""
        },
        {
            "key":"monthlyServiceByArea",
            "displayName": "Monthly Service By Area", 
            "subHeader":false,
            "displayOrder": 17,
            "isDisplay": true,
            "url": "./monthlyServiceByArea",
            "icon":""
        },
        {
            "key":"serviceManagement",
            "displayName": "Service Management", 
            "subHeader":true,
            "displayOrder": 18,
            "isDisplay": true,
            "url": "",
            "icon":""
        },
        {
            "key":"newConnection",
            "displayName": "New Connection", 
            "subHeader":false,
            "displayOrder": 19,
            "isDisplay": true,
            "url": "./newConnection",
            "icon":""
        },
        {
            "key":"upgradeRequest",
            "displayName": "Upgrade Request", 
            "subHeader":false,
            "displayOrder": 20,
            "isDisplay": true,
            "url": "./upgradeRequest",
            "icon":""
        },
        {
            "key":"upgradeRequest",
            "displayName": "Upgrade Request", 
            "subHeader":false,
            "displayOrder": 20,
            "isDisplay": true,
            "url": "./upgradeRequest",
            "icon":""
        },
        {
            "key":"serviceStatusOverview",
            "displayName": "Service Status Overview", 
            "subHeader":false,
            "displayOrder": 21,
            "isDisplay": true,
            "url": "./serviceStatusOverview",
            "icon":""
        },
        {
            "key":"inquiryandComplaint",
            "displayName": "Inquiry & Complaint", 
            "subHeader":false,
            "displayOrder": 22,
            "isDisplay": true,
            "url": "./serviceStatusOverview",
            "icon":""
        },
        {
            "key":"inquiryandComplaintDashboard",
            "displayName": "Inquiry & Complaint Dashboard", 
            "subHeader":false,
            "displayOrder": 23,
            "isDisplay": true,
            "url": "./inquiryandComplaintDashboard",
            "icon":""
        },
        {
            "key":"manageInquiry",
            "displayName": "mMnage Inquiry", 
            "subHeader":false,
            "displayOrder": 24,
            "isDisplay": true,
            "url": "./manageInquiry",
            "icon":""
        },
        {
            "key":"manageCompliaint",
            "displayName": "Manage Compliaint", 
            "subHeader":false,
            "displayOrder": 25,
            "isDisplay": true,
            "url": "./manageCompliaint",
            "icon":""
        },
        {
            "key":"claimandApproval",
            "displayName": "Claims & Approval", 
            "subHeader":true,
            "displayOrder": 26,
            "isDisplay": true,
            "url": "",
            "icon":""
        },
        {
            "key":"claimDashboard",
            "displayName": "Claim Dashboard", 
            "subHeader":false,
            "displayOrder": 27,
            "isDisplay": true,
            "url": "",
            "icon":""
        },
        {
            "key":"submitClaims",
            "displayName": "Submit Claims", 
            "subHeader":false,
            "displayOrder": 28,
            "isDisplay": true,
            "url": "",
            "icon":""
        },
        {
            "key":"managerApprovals",
            "displayName": "Manager Approvals", 
            "subHeader":false,
            "displayOrder": 29,
            "isDisplay": true,
            "url": "./managerApprovals",
            "icon":""
        },
        {
            "key":"analysticsAndReports",
            "displayName": "Analystics & Reports", 
            "subHeader":true,
            "displayOrder": 30,
            "isDisplay": true,
            "url": "",
            "icon":""
        },
        {
            "key":"analysticsDashboard",
            "displayName": "Analystics Dashboard", 
            "subHeader":false,
            "displayOrder": 31,
            "isDisplay": true,
            "url": "./managerApprovals",
            "icon":""
        },
        {
            "key":"employeeReport",
            "displayName": "Employee Report", 
            "subHeader":false,
            "displayOrder": 32,
            "isDisplay": true,
            "url": "./employeeReport",
            "icon":""
        },
        {
            "key":"taskReport",
            "displayName": "Task Report", 
            "subHeader":false,
            "displayOrder": 33,
            "isDisplay": true,
            "url": "./taskReport",
            "icon":""
        },
        {
            "key":"serviceReport",
            "displayName": "Service Report", 
            "subHeader":false,
            "displayOrder": 34,
            "isDisplay": true,
            "url": "./serviceReport",
            "icon":""
        },
        {
            "key":"customerFeedBackReport",
            "displayName": "Customer FeedBack Report", 
            "subHeader":false,
            "displayOrder": 35,
            "isDisplay": true,
            "url": "./customerFeedBackReport",
            "icon":""
        },
        {
            "key":"settingManagement",
            "displayName": "Setting Management", 
            "subHeader":true,
            "displayOrder": 36,
            "isDisplay": true,
            "url": "",
            "icon":""
        },
        {
            "key":"rolesManagement",
            "displayName": "Roles Management", 
            "subHeader":false,
            "displayOrder": 37,
            "isDisplay": true,
            "url": "./rolesManagement",
            "icon":""
        },
        {
            "key":"taskPrioritySettings",
            "displayName": "Task Priority Settings", 
            "subHeader":false,
            "displayOrder": 38,
            "isDisplay": true,
            "url": "./taskPrioritySettings",
            "icon":""
        },
        {
            "key":"userPermissions",
            "displayName": "User Permissions", 
            "subHeader":false,
            "displayOrder": 39,
            "isDisplay": true,
            "url": "./userPermissions",
            "icon":""
        },
        {
            "key":"sysConfiguration",
            "displayName": "System Configuration", 
            "subHeader":false,
            "displayOrder": 49,
            "isDisplay": true,
            "url": "./sysConfiguration",
            "icon":""
        }
    ]
}