{
    "taskSummary": {
        "key": "taskSummary",
        "displayName": "Task Summary",
        "dataSource": [
            {
                "taskStatus": "Active",
                "count": 50,
                "description": "Active task"
            },
            {
                "taskStatus": "Inactive",
                "count": 70,
                "description": "Inactive task"
            },
            {
                "taskStatus": "Pending",
                "count": 60,
                "description": "Pending task"
            }
        ]
    }
}