{
  "hash": "af7535c1",
  "configHash": "445b70b1",
  "lockfileHash": "dcca3261",
  "browserHash": "316e59a7",
  "optimized": {
    "@angular/cdk/scrolling": {
      "src": "../../../../../../node_modules/@angular/cdk/fesm2022/scrolling.mjs",
      "file": "@angular_cdk_scrolling.js",
      "fileHash": "2eadc1eb",
      "needsInterop": false
    },
    "@angular/core": {
      "src": "../../../../../../node_modules/@angular/core/fesm2022/core.mjs",
      "file": "@angular_core.js",
      "fileHash": "ae14bec1",
      "needsInterop": false
    },
    "@angular/forms": {
      "src": "../../../../../../node_modules/@angular/forms/fesm2022/forms.mjs",
      "file": "@angular_forms.js",
      "fileHash": "b81ab6da",
      "needsInterop": false
    },
    "@angular/material/button": {
      "src": "../../../../../../node_modules/@angular/material/fesm2022/button.mjs",
      "file": "@angular_material_button.js",
      "fileHash": "c7912bcd",
      "needsInterop": false
    },
    "@angular/material/card": {
      "src": "../../../../../../node_modules/@angular/material/fesm2022/card.mjs",
      "file": "@angular_material_card.js",
      "fileHash": "0a2a1f7f",
      "needsInterop": false
    },
    "@angular/material/core": {
      "src": "../../../../../../node_modules/@angular/material/fesm2022/core.mjs",
      "file": "@angular_material_core.js",
      "fileHash": "dfb4fff1",
      "needsInterop": false
    },
    "@angular/material/form-field": {
      "src": "../../../../../../node_modules/@angular/material/fesm2022/form-field.mjs",
      "file": "@angular_material_form-field.js",
      "fileHash": "108fc044",
      "needsInterop": false
    },
    "@angular/material/icon": {
      "src": "../../../../../../node_modules/@angular/material/fesm2022/icon.mjs",
      "file": "@angular_material_icon.js",
      "fileHash": "c529f9c2",
      "needsInterop": false
    },
    "@angular/material/input": {
      "src": "../../../../../../node_modules/@angular/material/fesm2022/input.mjs",
      "file": "@angular_material_input.js",
      "fileHash": "79aed3c3",
      "needsInterop": false
    },
    "@angular/material/list": {
      "src": "../../../../../../node_modules/@angular/material/fesm2022/list.mjs",
      "file": "@angular_material_list.js",
      "fileHash": "3ddb765b",
      "needsInterop": false
    },
    "@angular/material/menu": {
      "src": "../../../../../../node_modules/@angular/material/fesm2022/menu.mjs",
      "file": "@angular_material_menu.js",
      "fileHash": "99fc9413",
      "needsInterop": false
    },
    "@angular/material/sidenav": {
      "src": "../../../../../../node_modules/@angular/material/fesm2022/sidenav.mjs",
      "file": "@angular_material_sidenav.js",
      "fileHash": "b66ad3c9",
      "needsInterop": false
    },
    "@angular/material/toolbar": {
      "src": "../../../../../../node_modules/@angular/material/fesm2022/toolbar.mjs",
      "file": "@angular_material_toolbar.js",
      "fileHash": "24e9b9f5",
      "needsInterop": false
    },
    "@angular/platform-browser": {
      "src": "../../../../../../node_modules/@angular/platform-browser/fesm2022/platform-browser.mjs",
      "file": "@angular_platform-browser.js",
      "fileHash": "5ede9c46",
      "needsInterop": false
    },
    "@angular/platform-browser/animations": {
      "src": "../../../../../../node_modules/@angular/platform-browser/fesm2022/animations.mjs",
      "file": "@angular_platform-browser_animations.js",
      "fileHash": "f0314d75",
      "needsInterop": false
    },
    "@angular/router": {
      "src": "../../../../../../node_modules/@angular/router/fesm2022/router.mjs",
      "file": "@angular_router.js",
      "fileHash": "73f77c0b",
      "needsInterop": false
    },
    "angular-feather": {
      "src": "../../../../../../node_modules/angular-feather/fesm2015/angular-feather.js",
      "file": "angular-feather.js",
      "fileHash": "7e289f3b",
      "needsInterop": false
    },
    "angular-feather/icons": {
      "src": "../../../../../../node_modules/angular-feather/fesm2015/angular-feather-icons.js",
      "file": "angular-feather_icons.js",
      "fileHash": "37c3526d",
      "needsInterop": false
    },
    "angular-tabler-icons": {
      "src": "../../../../../../node_modules/angular-tabler-icons/fesm2020/angular-tabler-icons.mjs",
      "file": "angular-tabler-icons.js",
      "fileHash": "d71c8ca1",
      "needsInterop": false
    },
    "angular-tabler-icons/icons": {
      "src": "../../../../../../node_modules/angular-tabler-icons/fesm2020/angular-tabler-icons-icons.mjs",
      "file": "angular-tabler-icons_icons.js",
      "fileHash": "33c9bbee",
      "needsInterop": false
    },
    "ng-apexcharts": {
      "src": "../../../../../../node_modules/ng-apexcharts/fesm2022/ng-apexcharts.mjs",
      "file": "ng-apexcharts.js",
      "fileHash": "41149b43",
      "needsInterop": false
    },
    "ngx-scrollbar": {
      "src": "../../../../../../node_modules/ngx-scrollbar/fesm2022/ngx-scrollbar.mjs",
      "file": "ngx-scrollbar.js",
      "fileHash": "faf5e1dd",
      "needsInterop": false
    },
    "@angular/material/table": {
      "src": "../../../../../../node_modules/@angular/material/fesm2022/table.mjs",
      "file": "@angular_material_table.js",
      "fileHash": "012f56fd",
      "needsInterop": false
    },
    "@angular/material/dialog": {
      "src": "../../../../../../node_modules/@angular/material/fesm2022/dialog.mjs",
      "file": "@angular_material_dialog.js",
      "fileHash": "c25d5ddb",
      "needsInterop": false
    },
    "rxjs": {
      "src": "../../../../../../node_modules/rxjs/dist/esm5/index.js",
      "file": "rxjs.js",
      "fileHash": "f7952268",
      "needsInterop": false
    },
    "@angular/cdk/layout": {
      "src": "../../../../../../node_modules/@angular/cdk/fesm2022/layout.mjs",
      "file": "@angular_cdk_layout.js",
      "fileHash": "69245d6b",
      "needsInterop": false
    },
    "@angular/common": {
      "src": "../../../../../../node_modules/@angular/common/fesm2022/common.mjs",
      "file": "@angular_common.js",
      "fileHash": "c65fb6cd",
      "needsInterop": false
    },
    "@angular/cdk/overlay": {
      "src": "../../../../../../node_modules/@angular/cdk/fesm2022/overlay.mjs",
      "file": "@angular_cdk_overlay.js",
      "fileHash": "eb4bfe76",
      "needsInterop": false
    },
    "@angular/common/http": {
      "src": "../../../../../../node_modules/@angular/common/fesm2022/http.mjs",
      "file": "@angular_common_http.js",
      "fileHash": "e60d8a24",
      "needsInterop": false
    }
  },
  "chunks": {
    "apexcharts.common-3LBIJVDR": {
      "file": "apexcharts__common-3LBIJVDR.js"
    },
    "chunk-AD2U6EYN": {
      "file": "chunk-AD2U6EYN.js"
    },
    "chunk-B5YDFCET": {
      "file": "chunk-B5YDFCET.js"
    },
    "chunk-PGTVRJOK": {
      "file": "chunk-PGTVRJOK.js"
    },
    "chunk-QJWYHFLL": {
      "file": "chunk-QJWYHFLL.js"
    },
    "chunk-5FTRSZBO": {
      "file": "chunk-5FTRSZBO.js"
    },
    "chunk-2H5BDGUX": {
      "file": "chunk-2H5BDGUX.js"
    },
    "chunk-CTNITTO6": {
      "file": "chunk-CTNITTO6.js"
    },
    "chunk-4CYL2HQY": {
      "file": "chunk-4CYL2HQY.js"
    },
    "chunk-DNSNXNQF": {
      "file": "chunk-DNSNXNQF.js"
    },
    "chunk-5PL3LTWU": {
      "file": "chunk-5PL3LTWU.js"
    },
    "chunk-HKOFUEFD": {
      "file": "chunk-HKOFUEFD.js"
    },
    "chunk-ULQAZSQV": {
      "file": "chunk-ULQAZSQV.js"
    },
    "chunk-QD5RGHR7": {
      "file": "chunk-QD5RGHR7.js"
    },
    "chunk-2E7OOGUW": {
      "file": "chunk-2E7OOGUW.js"
    },
    "chunk-C3SB7ZRI": {
      "file": "chunk-C3SB7ZRI.js"
    },
    "chunk-J2C546AB": {
      "file": "chunk-J2C546AB.js"
    },
    "chunk-Y6VNVYEV": {
      "file": "chunk-Y6VNVYEV.js"
    },
    "chunk-SBLSF24Q": {
      "file": "chunk-SBLSF24Q.js"
    },
    "chunk-3OV72XIM": {
      "file": "chunk-3OV72XIM.js"
    }
  }
}